[
  {
    "name": "sairaj",
    "movie": "Inception",
    "seats": "12"
  },
  {
    "name": "sairaj",
    "movie": "Inception",
    "seats": "12"
  },
  {
    "name": "sairaj",
    "movie": "Inception",
    "seats": "12"
  },
  {
    "name": "sairaj",
    "movie": "Avengers",
    "seats": "1"
  },
  {
    "name": "sairaj",
    "movie": "Avengers",
    "seats": "1"
  },
  {
    "name": "sairaj",
    "movie": "Avengers",
    "seats": "1"
  },
  {
    "name": "sairaj",
    "movie": "Avengers",
    "seats": "1"
  },
  {
    "name": "sairaj",
    "movie": "Avengers",
    "seats": "1"
  }
]